{
        "nk": 1,
        "nmax": 5000000,
        "lmax": 40,
        "n_threads": 8,
        "nsys": 2,
        "nham": 2,
        "ferr": 1e-10,
        "ti": 0,
        "tf": 1,
        "nind": 8,
        "nmod": 8,
        "nmodmax": 2,
        "dt": 0.005,
        "nt": 20,
        "staticErr": 0,
        "inistate": 0,
        "expn": {
                "real": [
                        0.008285275470029062,
                        0.008285275470029062,
                        0.08342944905993642,
                        8.021734797652334,
                        0.008285275470029062,
                        0.008285275470029062,
                        0.08342944905993642,
                        8.021734797652334
                ],
                "imag": [
                        1.0947825730595262,
                        -1.0947825730595262,
                        0.0,
                        0.0,
                        1.0947825730595262,
                        -1.0947825730595262,
                        0.0,
                        0.0
                ]
        },
        "ham1": {
                "real": [
                        0.0,
                        0.0,
                        0.0,
                        50.13055728090001
                ],
                "imag": [
                        0.0,
                        0.0,
                        0.0,
                        0.0
                ]
        },
        "qmd1": {
                "real": [
                        0.0,
                        0.0,
                        0.0,
                        1.0,
                        0.0,
                        0.0,
                        0.0,
                        1.0
                ],
                "imag": [
                        0.0,
                        0.0,
                        0.0,
                        0.0,
                        0.0,
                        0.0,
                        0.0,
                        0.0
                ]
        },
        "modLabel": {
                "real": [
                        0,
                        0,
                        0,
                        0,
                        1,
                        1,
                        1,
                        1
                ],
                "imag": [
                        0,
                        0,
                        0,
                        0,
                        0,
                        0,
                        0,
                        0
                ]
        },
        "delt_res": {
                "real": [
                        0.0,
                        0.0
                ],
                "imag": [
                        0.0,
                        0.0
                ]
        },
        "coef_abs": {
                "real": [
                        0.04964845827172035,
                        0.04964845827172035,
                        0.1721734981633632,
                        0.004019195005036256,
                        0.04964845827172035,
                        0.04964845827172035,
                        0.1721734981633632,
                        0.004019195005036256
                ],
                "imag": [
                        0.0,
                        0.0,
                        0.0,
                        0.0,
                        0.0,
                        0.0,
                        0.0,
                        0.0
                ]
        },
        "coef_lft": {
                "real": [
                        0.07939648304322673,
                        0.00015245875387971875,
                        0.00015245875387971875,
                        -7.018207081364869e-05,
                        0.027580409299408474,
                        4.638338648269148e-05,
                        4.638338648269148e-05,
                        -2.4412371732179705e-05,
                        0.019348700040423678,
                        0.038345590300186985,
                        0.038345590300186985,
                        0.07599395785752219,
                        3.4059876038235345e-07,
                        3.665849361294887e-05,
                        3.665849361294887e-05,
                        0.003945537419049976,
                        0.07939648304322673,
                        0.00015245875387971875,
                        0.00015245875387971875,
                        -7.018207081364869e-05,
                        0.027580409299408474,
                        4.638338648269148e-05,
                        4.638338648269148e-05,
                        -2.4412371732179705e-05,
                        0.019348700040423678,
                        0.038345590300186985,
                        0.038345590300186985,
                        0.07599395785752219,
                        3.4059876038235345e-07,
                        3.665849361294887e-05,
                        3.665849361294887e-05,
                        0.003945537419049976
                ],
                "imag": [
                        0.001533194172965276,
                        0.002368856116700988,
                        0.002368856116700988,
                        1.0452710416800768e-05,
                        -0.0007533937403929117,
                        -0.00082343405522622,
                        -0.00082343405522622,
                        -3.4364772137858194e-06,
                        -0.000779800432572364,
                        -0.0015454220614747665,
                        -0.0015454220614747665,
                        -0.0030627443232038544,
                        -8.964824295557541e-24,
                        -9.64880065361893e-22,
                        -9.64880065361893e-22,
                        -1.0384961376143402e-19,
                        0.001533194172965276,
                        0.002368856116700988,
                        0.002368856116700988,
                        1.0452710416800768e-05,
                        -0.0007533937403929117,
                        -0.00082343405522622,
                        -0.00082343405522622,
                        -3.4364772137858194e-06,
                        -0.000779800432572364,
                        -0.0015454220614747665,
                        -0.0015454220614747665,
                        -0.0030627443232038544,
                        -8.964824295557541e-24,
                        -9.64880065361893e-22,
                        -9.64880065361893e-22,
                        -1.0384961376143402e-19
                ]
        },