{
        "nk": 1,
        "nmax": 5000000,
        "lmax": 35,
        "n_threads": 8,
        "nsys": 2,
        "nham": 2,
        "ferr": 1e-10,
        "ti": -6.283185307179586,
        "tf": 62.83185307179586,
        "nind": 12,
        "nmod": 12,
        "nmodmax": 2,
        "dt": 0.0005,
        "nt": 20,
        "staticErr": 0,
        "inistate": 0,
        "expn": {
                "real": [
                        0.008285275470029062,
                        0.008285275470029062,
                        0.08342944905993642,
                        1.6873955950976962,
                        5.217870017014096,
                        0.1,
                        0.008285275470029062,
                        0.008285275470029062,
                        0.08342944905993642,
                        1.6873955950976962,
                        5.217870017014096,
                        0.1
                ],
                "imag": [
                        1.0947825730595262,
                        -1.0947825730595262,
                        0.0,
                        0.0,
                        0.0,
                        0.0,
                        1.0947825730595262,
                        -1.0947825730595262,
                        0.0,
                        0.0,
                        0.0,
                        0.0
                ]
        },
        "ham1": {
                "real": [
                        0.0,
                        0.0,
                        0.0,
                        50.45
                ],
                "imag": [
                        0.0,
                        0.0,
                        0.0,
                        0.0
                ]
        },
        "qmd1": {
                "real": [
                        0.0,
                        0.0,
                        0.0,
                        1.0,
                        0.0,
                        0.0,
                        0.0,
                        1.0
                ],
                "imag": [
                        0.0,
                        0.0,
                        0.0,
                        0.0,
                        0.0,
                        0.0,
                        0.0,
                        0.0
                ]
        },
        "modLabel": {
                "real": [
                        0,
                        0,
                        0,
                        0,
                        0,
                        0,
                        1,
                        1,
                        1,
                        1,
                        1,
                        1
                ],
                "imag": [
                        0,
                        0,
                        0,
                        0,
                        0,
                        0,
                        0,
                        0,
                        0,
                        0,
                        0,
                        0
                ]
        },
        "delt_res": {
                "real": [
                        0.0,
                        0.0
                ],
                "imag": [
                        0.0,
                        0.0
                ]
        },
        "coef_abs": {
                "real": [
                        0.04807941734598885,
                        0.04807941734598885,
                        0.03545178929393698,
                        0.003608242132029095,
                        0.0061346718508739,
                        0.02691517939330486,
                        0.04807941734598885,
                        0.04807941734598885,
                        0.03545178929393698,
                        0.003608242132029095,
                        0.0061346718508739,
                        0.02691517939330486
                ],
                "imag": [
                        0.0,
                        0.0,
                        0.0,
                        0.0,
                        0.0,
                        0.0,
                        0.0,
                        0.0,
                        0.0,
                        0.0,
                        0.0,
                        0.0
                ]
        },
        "coef_lft": {
                "real": [
                        0.3719544760244359,
                        0.0,
                        0.0,
                        0.0,
                        0.006207318676216879,
                        0.0,
                        0.0,
                        0.0,
                        0.03502188384448308,
                        0.0,
                        0.0,
                        0.0,
                        0.0003209781166108031,
                        0.0,
                        0.0,
                        0.003287264015418292,
                        1.2123091293648165e-05,
                        0.0,
                        0.0,
                        0.006122548759580252,
                        0.0,
                        0.0,
                        0.0,
                        0.026446679976393682,
                        0.3719544760244359,
                        0.0,
                        0.0,
                        0.0,
                        0.006207318676216879,
                        0.0,
                        0.0,
                        0.0,
                        0.03502188384448308,
                        0.0,
                        0.0,
                        0.0,
                        0.0003209781166108031,
                        0.0,
                        0.0,
                        0.003287264015418292,
                        1.2123091293648165e-05,
                        0.0,
                        0.0,
                        0.006122548759580252,
                        0.0,
                        0.0,
                        0.0,
                        0.026446679976393682
                ],
                "imag": [
                        0.005793792689812519,
                        0.0,
                        0.0,
                        0.0,
                        -0.0002895201561128794,
                        0.0,
                        0.0,
                        0.0,
                        -0.005504272533699634,
                        0.0,
                        0.0,
                        0.0,
                        -2.4527350343844365e-20,
                        0.0,
                        0.0,
                        0.0,
                        -1.5040732070016651e-21,
                        0.0,
                        0.0,
                        0.0,
                        0.0,
                        0.0,
                        0.0,
                        -0.005000000000000001,
                        0.005793792689812519,
                        0.0,
                        0.0,
                        0.0,
                        -0.0002895201561128794,
                        0.0,
                        0.0,
                        0.0,
                        -0.005504272533699634,
                        0.0,
                        0.0,
                        0.0,
                        -2.4527350343844365e-20,
                        0.0,
                        0.0,
                        0.0,
                        -1.5040732070016651e-21,
                        0.0,
                        0.0,
                        0.0,
                        0.0,
                        0.0,
                        0.0,
                        -0.005000000000000001
                ]
        },