{
    "nk": 1,
    "nmax": 10000000,
    "lmax": 300,
    "n_threads": 8,
    "nsys": 2,
    "nham": 2,
    "ferr": 1e-14,
    "ti": 0,
    "tf": 10,
    "nind": 3,
    "nmod": 3,
    "nmodmax": 1,
    "dt": 0.01,
    "nt": 1,
    "staticErr": 0,
    "inistate": 0,
    "alp1": 1,
    "alp2": 0.0,
    "expn": {
        "real": [
            3.732050807568877,
            0.2679491924311227,
            7.745966692414835
        ],
        "imag": [
            0.0,
            0.0,
            0.0
        ]
    },
    "ham1": {
        "real": [
            0.0,
            1.0,
            1.0,
            1.0
        ],
        "imag": [
            0.0,
            0.0,
            0.0,
            0.0
        ]
    },
    "qmd1": {
        "real": [
            0.0,
            0.0,
            0.0,
            1.0
        ],
        "imag": [
            0.0,
            0.0,
            0.0,
            0.0
        ]
    },
    "modLabel": {
        "real": [
            0,
            0,
            0
        ],
        "imag": [
            0,
            0,
            0
        ]
    },
    "delt_res": {
        "real": [
            0.0
        ],
        "imag": [
            0.0
        ]
    },
    "coef_abs": {
        "real": [
            0.14966349006841992,
            1.0805799628464752,
            0.056109863762512376
        ],
        "imag": [
            0.0,
            0.0,
            0.0
        ]
    },
    "coef_lft": {
        "real": [
            0.03957053103164893,
            1.070896690989358,
            -0.056109863762512376
        ],
        "imag": [
            0.14433756729740646,
            -0.14433756729740646,
            -0.0
        ]
    },
    "coef_rht": {
        "real": [
            0.03957053103164893,
            1.070896690989358,
            -0.056109863762512376
        ],
        "imag": [
            -0.14433756729740646,
            0.14433756729740646,
            0.0
        ]
    },
    "frho": "prop-rho.dat_0.01_0",
    "girsanov": false
}